Modelo,P@10,R@10,MRR@10,nDCG@10
bm25_padrao,0.37800000000000006,0.31763558663558666,0.8665,0.5106443358556976
bert-base-portuguese-cased-finetuned-tcu-acordaos_mean,0.11,0.09213275613275612,0.3586904761904762,0.13438781175007466
bert-large-portuguese-cased_mean,0.15599999999999997,0.13167476967476965,0.41780158730158734,0.18695619874520142
Legal-BERTimbau-sts-large-ma-v3_mean,0.16599999999999998,0.1371788211788212,0.4637142857142857,0.2098867807517496
bert-large-portuguese-cased-legal-mlm-sts-v1.0_mean,0.30200000000000005,0.2474896214896215,0.7134126984126985,0.38505013169890284
paraphrase-multilingual-mpnet-base-v2_mean,0.24599999999999994,0.2028115218115218,0.6050793650793651,0.314589613244267
text-embedding-3-small_mean,0.468,0.3891723831723832,0.8951111111111112,0.5883411643808116
text-embedding-3-large_mean,0.49199999999999994,0.40766233766233767,0.8923333333333333,0.6176580674340941
